Bitcoin (BTC),"$6,912.87"
Ethereum (ETH),$159.68
XRP (XRP),$0.187050
Tether (USDT),$1.00
Bitcoin Cash (BCH),$223.82
Bitcoin SV (BSV),$191.29
Litecoin (LTC),$41.49
Binance Coin (BNB),$15.66
EOS (EOS),$2.46
Tezos (XTZ),$1.96
Chainlink (LINK),$3.36
UNUS SED LEO (LEO),$1.01
Stellar (XLM),$0.048425
Monero (XMR),$54.41
Please turn JavaScript on and reload the page.,
Please turn JavaScript on and reload the page.,
Please turn JavaScript on and reload the page.,
Please turn JavaScript on and reload the page.,
Please turn JavaScript on and reload the page.,
Please turn JavaScript on and reload the page.,
Please turn JavaScript on and reload the page.,
Please turn JavaScript on and reload the page.,
Please turn JavaScript on and reload the page.,
Please turn JavaScript on and reload the page.,
Please turn JavaScript on and reload the page.,
Please turn JavaScript on and reload the page.,
Please turn JavaScript on and reload the page.,
Please turn JavaScript on and reload the page.,
Please turn JavaScript on and reload the page.,
Please turn JavaScript on and reload the page.,
Please turn JavaScript on and reload the page.,
Please turn JavaScript on and reload the page.,
Please turn JavaScript on and reload the page.,
Please turn JavaScript on and reload the page.,
Please turn JavaScript on and reload the page.,
Please turn JavaScript on and reload the page.,
Please turn JavaScript on and reload the page.,
Please turn JavaScript on and reload the page.,
Please turn JavaScript on and reload the page.,
Please turn JavaScript on and reload the page.,
Please turn JavaScript on and reload the page.,
Please turn JavaScript on and reload the page.,
Please turn JavaScript on and reload the page.,
Please turn JavaScript on and reload the page.,
Please turn JavaScript on and reload the page.,
Please turn JavaScript on and reload the page.,
Please turn JavaScript on and reload the page.,
Please turn JavaScript on and reload the page.,
Please turn JavaScript on and reload the page.,
Please turn JavaScript on and reload the page.,
Please turn JavaScript on and reload the page.,
Please turn JavaScript on and reload the page.,
Please turn JavaScript on and reload the page.,
Please turn JavaScript on and reload the page.,
Please turn JavaScript on and reload the page.,
Please turn JavaScript on and reload the page.,
Please turn JavaScript on and reload the page.,
Please turn JavaScript on and reload the page.,
Please turn JavaScript on and reload the page.,
Please turn JavaScript on and reload the page.,
Please turn JavaScript on and reload the page.,
Please turn JavaScript on and reload the page.,
Please turn JavaScript on and reload the page.,
Please turn JavaScript on and reload the page.,
Please turn JavaScript on and reload the page.,
Please turn JavaScript on and reload the page.,
Please turn JavaScript on and reload the page.,
Please turn JavaScript on and reload the page.,
Please turn JavaScript on and reload the page.,
Please turn JavaScript on and reload the page.,
Please turn JavaScript on and reload the page.,
Please turn JavaScript on and reload the page.,
Please turn JavaScript on and reload the page.,
Please turn JavaScript on and reload the page.,
Please turn JavaScript on and reload the page.,
Please turn JavaScript on and reload the page.,
Please turn JavaScript on and reload the page.,
Please turn JavaScript on and reload the page.,
Please turn JavaScript on and reload the page.,
Please turn JavaScript on and reload the page.,
Please turn JavaScript on and reload the page.,
Please turn JavaScript on and reload the page.,
Please turn JavaScript on and reload the page.,
Please turn JavaScript on and reload the page.,
Please turn JavaScript on and reload the page.,
Please turn JavaScript on and reload the page.,
Please turn JavaScript on and reload the page.,
Please turn JavaScript on and reload the page.,
Please turn JavaScript on and reload the page.,
Please turn JavaScript on and reload the page.,
Please turn JavaScript on and reload the page.,
Please turn JavaScript on and reload the page.,
Please turn JavaScript on and reload the page.,
Please turn JavaScript on and reload the page.,
Please turn JavaScript on and reload the page.,
Please turn JavaScript on and reload the page.,
Please turn JavaScript on and reload the page.,
Please turn JavaScript on and reload the page.,
Please turn JavaScript on and reload the page.,
Please turn JavaScript on and reload the page.,
Please turn JavaScript on and reload the page.,
Please turn JavaScript on and reload the page.,
Please turn JavaScript on and reload the page.,
Please turn JavaScript on and reload the page.,
Please turn JavaScript on and reload the page.,
Please turn JavaScript on and reload the page.,
Please turn JavaScript on and reload the page.,
Please turn JavaScript on and reload the page.,
Please turn JavaScript on and reload the page.,
Please turn JavaScript on and reload the page.,
Please turn JavaScript on and reload the page.,
Please turn JavaScript on and reload the page.,
Please turn JavaScript on and reload the page.,
Please turn JavaScript on and reload the page.,
Please turn JavaScript on and reload the page.,
Please turn JavaScript on and reload the page.,
Please turn JavaScript on and reload the page.,
Please turn JavaScript on and reload the page.,
Please turn JavaScript on and reload the page.,
Please turn JavaScript on and reload the page.,
Please turn JavaScript on and reload the page.,
Please turn JavaScript on and reload the page.,
Please turn JavaScript on and reload the page.,
Please turn JavaScript on and reload the page.,
Please turn JavaScript on and reload the page.,
Please turn JavaScript on and reload the page.,
Please turn JavaScript on and reload the page.,
Please turn JavaScript on and reload the page.,
Please turn JavaScript on and reload the page.,
Please turn JavaScript on and reload the page.,
Please turn JavaScript on and reload the page.,
Please turn JavaScript on and reload the page.,
Please turn JavaScript on and reload the page.,
Please turn JavaScript on and reload the page.,
Please turn JavaScript on and reload the page.,
Please turn JavaScript on and reload the page.,
Please turn JavaScript on and reload the page.,
Please turn JavaScript on and reload the page.,
Please turn JavaScript on and reload the page.,
Please turn JavaScript on and reload the page.,
Please turn JavaScript on and reload the page.,
Please turn JavaScript on and reload the page.,
Please turn JavaScript on and reload the page.,
Please turn JavaScript on and reload the page.,
Please turn JavaScript on and reload the page.,
Please turn JavaScript on and reload the page.,
Please turn JavaScript on and reload the page.,
Please turn JavaScript on and reload the page.,
Metal (MTL),$0.255422
SwissBorg (CHSB),$0.023266
Beam (BEAM),$0.273747
Aidos Kuneen (ADK),$0.648619
Please turn JavaScript on and reload the page.,
Please turn JavaScript on and reload the page.,
Please turn JavaScript on and reload the page.,
Please turn JavaScript on and reload the page.,
Please turn JavaScript on and reload the page.,
Please turn JavaScript on and reload the page.,
Please turn JavaScript on and reload the page.,
Please turn JavaScript on and reload the page.,
Please turn JavaScript on and reload the page.,
Please turn JavaScript on and reload the page.,
Please turn JavaScript on and reload the page.,
Please turn JavaScript on and reload the page.,
Please turn JavaScript on and reload the page.,
Please turn JavaScript on and reload the page.,
Please turn JavaScript on and reload the page.,
Please turn JavaScript on and reload the page.,
Please turn JavaScript on and reload the page.,
Please turn JavaScript on and reload the page.,
Please turn JavaScript on and reload the page.,
Please turn JavaScript on and reload the page.,
Please turn JavaScript on and reload the page.,
Please turn JavaScript on and reload the page.,
Please turn JavaScript on and reload the page.,
Please turn JavaScript on and reload the page.,
Please turn JavaScript on and reload the page.,
Please turn JavaScript on and reload the page.,
Please turn JavaScript on and reload the page.,
Please turn JavaScript on and reload the page.,
Please turn JavaScript on and reload the page.,
Please turn JavaScript on and reload the page.,
Please turn JavaScript on and reload the page.,
Please turn JavaScript on and reload the page.,
Please turn JavaScript on and reload the page.,
Please turn JavaScript on and reload the page.,
Please turn JavaScript on and reload the page.,
Please turn JavaScript on and reload the page.,
Please turn JavaScript on and reload the page.,
Please turn JavaScript on and reload the page.,
Please turn JavaScript on and reload the page.,
Please turn JavaScript on and reload the page.,
Please turn JavaScript on and reload the page.,
Please turn JavaScript on and reload the page.,
Please turn JavaScript on and reload the page.,
Please turn JavaScript on and reload the page.,
Please turn JavaScript on and reload the page.,
Please turn JavaScript on and reload the page.,
Please turn JavaScript on and reload the page.,
Please turn JavaScript on and reload the page.,
